INSERT INTO country (name,surface_area) VALUES
	 ('Italy',301340),
	 ('France',640679),
	 ('Spain',505992),
	 ('United Kingdom',243610),
	 ('Germany',357022),
	 ('Sweden',450295),
	 ('Norway',323877),
	 ('Finland',338424),
	 ('Denmark',43094),
	 ('Italy',301340);


INSERT INTO child (id, name,surname,birth_date,street,city,zip,country_id,created_at,updated_at) VALUES
	 (2, 'Mattia','Girolimetto','2001-09-08','yellow brick road','Venezia','30174',1,'2023-01-01 10:58:24','2023-01-01 10:58:24'),
	 (3, 'Gabriele','Crestanello','1970-01-01','wall street','Thiene','1234',6,'2023-01-01 11:09:10','2023-01-01 11:09:10'),
	 (4, 'Grinch','Grinch','1990-12-24','su un picco','Paese','1234',4,'2023-01-01 11:21:41','2023-01-01 11:21:41');

INSERT INTO supplier (company_name,street,city,country_id,zip,phone,email,created_at,updated_at) VALUES
	 ('Acme Inc.','123 Main Street','New York',1,'10001','555-555-5555','info@acmeinc.com','2022-12-31 11:19:42','2022-12-31 11:19:42'),
	 ('BigCo','456 Market Street','San Francisco',2,'94103','555-123-4567','info@bigco.com','2022-12-31 11:19:42','2022-12-31 11:19:42'),
	 ('XYZ Corp.','789 Pine Street','Seattle',3,'98101','555-234-5678','info@xyzcorp.com','2022-12-31 11:19:42','2022-12-31 11:19:42'),
	 ('Abc Inc.','246 Maple Street','Chicago',4,'60606','555-345-6789','info@abcinc.com','2022-12-31 11:19:42','2022-12-31 11:19:42'),
	 ('Ghi LLC','159 Birch Street','Los Angeles',5,'90001','555-456-7890','info@ghillc.com','2022-12-31 11:19:42','2022-12-31 11:19:42'),
	 ('Acme Inc.','123 Main Street','New York',1,'10001','555-555-5555','info@acmeinc.com','2022-12-31 11:34:28','2022-12-31 11:34:28'),
	 ('BigCo','456 Market Street','San Francisco',2,'94103','555-123-4567','info@bigco.com','2022-12-31 11:34:29','2022-12-31 11:34:29'),
	 ('XYZ Corp.','789 Pine Street','Seattle',3,'98101','555-234-5678','info@xyzcorp.com','2022-12-31 11:34:29','2022-12-31 11:34:29'),
	 ('Abc Inc.','246 Maple Street','Chicago',4,'60606','555-345-6789','info@abcinc.com','2022-12-31 11:34:29','2022-12-31 11:34:29'),
	 ('Ghi LLC','159 Birch Street','Los Angeles',5,'90001','555-456-7890','info@ghillc.com','2022-12-31 11:34:29','2022-12-31 11:34:29');

INSERT INTO sled_model (manufacturer,code) VALUES
	 ('Ferrari','SF90'),
	 ('Lamborghini','Aventador'),
	 ('Porsche','911 GT3'),
	 ('McLaren','720S'),
	 ('Bugatti','Chiron'),
	 ('Santa''s Workshop','SW123456'),
	 ('North Pole Industries','NPI987654'),
	 ('Reindeer Corporation','RC123456');

INSERT INTO garage (id,street_address,slots,created_at,updated_at) VALUES
	 ('G1','Via delle Rose, 1',20,'2022-12-31 11:18:08','2022-12-31 11:18:08'),
	 ('G2','Via dei Tulipani, 2',25,'2022-12-31 11:18:08','2022-12-31 11:18:08'),
	 ('G3','Via dei Girasoli, 3',15,'2022-12-31 11:18:08','2022-12-31 11:18:08'),
	 ('G4','Via dei Papaveri, 4',10,'2022-12-31 11:18:08','2022-12-31 11:18:08'),
	 ('G5','Via delle Margherite, 5',5,'2022-12-31 11:18:08','2022-12-31 11:18:08');


INSERT INTO sled (buy_date,garage_id,model_id,created_at,updated_at) VALUES
	 ('2022-12-31 11:27:16','G1',1,'2022-12-31 11:27:16','2022-12-31 11:27:16'),
	 ('2022-12-30 11:27:16','G2',2,'2022-12-31 11:27:16','2022-12-31 11:27:16'),
	 ('2022-12-29 11:27:16','G3',3,'2022-12-31 11:27:16','2022-12-31 11:27:16'),
	 ('2022-12-28 11:27:16','G4',4,'2022-12-31 11:27:16','2022-12-31 11:27:16'),
	 ('2022-12-27 11:27:16','G5',5,'2022-12-31 11:27:16','2022-12-31 11:27:16'),
	 ('2022-12-31 11:27:35','G1',1,'2022-12-31 11:27:35','2022-12-31 11:27:35'),
	 ('2022-12-30 11:27:35','G2',2,'2022-12-31 11:27:35','2022-12-31 11:27:35'),
	 ('2022-12-29 11:27:35','G3',3,'2022-12-31 11:27:35','2022-12-31 11:27:35'),
	 ('2022-12-28 11:27:35','G4',4,'2022-12-31 11:27:35','2022-12-31 11:27:35'),
	 ('2022-12-27 11:27:35','G5',5,'2022-12-31 11:27:35','2022-12-31 11:27:35');
INSERT INTO sled (buy_date,garage_id,model_id,created_at,updated_at) VALUES
	 ('2022-12-31 11:34:14','G1',1,'2022-12-31 11:34:14','2022-12-31 11:34:14'),
	 ('2022-12-30 11:34:14','G2',2,'2022-12-31 11:34:14','2022-12-31 11:34:14'),
	 ('2022-12-29 11:34:14','G3',3,'2022-12-31 11:34:14','2022-12-31 11:34:14'),
	 ('2022-12-28 11:34:14','G4',4,'2022-12-31 11:34:14','2022-12-31 11:34:14'),
	 ('2022-12-27 11:34:14','G5',5,'2022-12-31 11:34:14','2022-12-31 11:34:14'),
	 ('2022-12-31 11:36:16','G1',1,'2022-12-31 11:36:16','2022-12-31 11:36:16'),
	 ('2022-12-30 11:36:16','G2',2,'2022-12-31 11:36:16','2022-12-31 11:36:16'),
	 ('2022-12-29 11:36:16','G3',3,'2022-12-31 11:36:16','2022-12-31 11:36:16'),
	 ('2022-12-28 11:36:16','G4',4,'2022-12-31 11:36:16','2022-12-31 11:36:16'),
	 ('2022-12-27 11:36:16','G5',5,'2022-12-31 11:36:16','2022-12-31 11:36:16');


INSERT INTO delegate (name,surname,wage,working_from,working_to,birth_date,country_id,sled_id,created_at,updated_at) VALUES
	 ('John','Doe',1000.0,'2022-12-26','2022-12-30','1970-01-01',1,1,'2022-12-31 11:34:15','2022-12-31 11:34:15'),
	 ('Jane','Doe',1200.0,'2022-12-25','2022-12-29','1980-01-01',2,2,'2022-12-31 11:34:15','2022-12-31 11:34:15'),
	 ('Bob','Smith',1500.0,'2022-12-24','2022-12-28','1990-01-01',3,3,'2022-12-31 11:34:15','2022-12-31 11:34:15'),
	 ('Alice','Smith',1700.0,'2022-12-23','2022-12-27','2000-01-01',4,4,'2022-12-31 11:34:15','2022-12-31 11:34:15'),
	 ('Mike','Johnson',2000.0,'2022-12-22','2022-12-25','2010-01-01',5,5,'2022-12-31 11:34:15','2022-12-31 11:34:15'),
	 ('John','Doe',1000.0,'2022-12-26','2022-12-30','1970-01-01',1,1,'2022-12-31 11:36:16','2022-12-31 11:36:16'),
	 ('Jane','Doe',1200.0,'2022-12-25','2022-12-29','1980-01-01',2,2,'2022-12-31 11:36:16','2022-12-31 11:36:16'),
	 ('Bob','Smith',1500.0,'2022-12-24','2022-12-28','1990-01-01',3,3,'2022-12-31 11:36:16','2022-12-31 11:36:16'),
	 ('Alice','Smith',1700.0,'2022-12-23','2022-12-27','2000-01-01',4,4,'2022-12-31 11:36:16','2022-12-31 11:36:16'),
	 ('Mike','Johnson',2000.0,'2022-12-22','2022-12-25','2010-01-01',5,5,'2022-12-31 11:36:16','2022-12-31 11:36:16');


INSERT INTO reindeer (id, name,birth_date,death_date,sled_id,father_id,mother_id,created_at,updated_at) VALUES
	 (11, 'Rudolph','2010-01-01',NULL,1,NULL,NULL,'2022-12-31 11:27:35','2022-12-31 11:27:35'),
	 (12,'Donner','2009-01-01',NULL,2,NULL,NULL,'2022-12-31 11:27:35','2022-12-31 11:27:35'),
	 (13,'Blitzen','2008-01-01',NULL,3,NULL,NULL,'2022-12-31 11:27:35','2022-12-31 11:27:35'),
	 (14,'Comet','2007-01-01',NULL,4,NULL,NULL,'2022-12-31 11:27:35','2022-12-31 11:27:35'),
	 (15,'Cupid','2006-01-01',NULL,5,NULL,NULL,'2022-12-31 11:27:35','2022-12-31 11:27:35'),
	 (16,'Rudolph2','2010-01-01',NULL,1,11,12,'2022-12-31 11:32:05','2022-12-31 11:32:05'),
	 (17,'Donner2','2009-01-01',NULL,2,11,12,'2022-12-31 11:32:05','2022-12-31 11:32:05'),
	 (18,'Blitzen','2008-01-01',NULL,3,NULL,NULL,'2022-12-31 11:32:05','2022-12-31 11:32:05'),
	 (19,'Comet','2007-01-01',NULL,4,16,18,'2022-12-31 11:32:05','2022-12-31 11:32:05'),
	 (20,'Cupid','2006-01-01',NULL,5,16,18,'2022-12-31 11:32:05','2022-12-31 11:32:05');
INSERT INTO reindeer (id,name,birth_date,death_date,sled_id,father_id,mother_id,created_at,updated_at) VALUES
	 (21, 'Rudolph3','2010-01-01',NULL,1,19,22,'2022-12-31 11:34:15','2022-12-31 11:34:15'),
	 (22,'Donner2','2009-01-01',NULL,2,NULL,NULL,'2022-12-31 11:34:15','2022-12-31 11:34:15'),
	 (23,'Blitzen2','2008-01-01',NULL,3,NULL,NULL,'2022-12-31 11:34:15','2022-12-31 11:34:15'),
	 (24,'Comet','2007-01-01',NULL,4,NULL,NULL,'2022-12-31 11:34:15','2022-12-31 11:34:15'),
	 (25,'Cupid','2006-01-01',NULL,5,NULL,NULL,'2022-12-31 11:34:15','2022-12-31 11:34:15'),
	 (26,'Rudolph4','2010-01-01',NULL,1,21,23,'2022-12-31 11:36:16','2022-12-31 11:36:16'),
	 (27,'Donner','2009-01-01',NULL,2,NULL,NULL,'2022-12-31 11:36:16','2022-12-31 11:36:16'),
	 (28,'Blitzen','2008-01-01',NULL,3,NULL,NULL,'2022-12-31 11:36:16','2022-12-31 11:36:16'),
	 (29,'Comet','2007-01-01',NULL,4,NULL,NULL,'2022-12-31 11:36:16','2022-12-31 11:36:16'),
	 (30,'Cupid','2006-01-01',NULL,5,NULL,NULL,'2022-12-31 11:36:16','2022-12-31 11:36:16');


INSERT INTO delivery (leaving_time,delivery_time,delegate_id,child_id,created_at,updated_at) VALUES
	 (NULL,NULL,1,2,'2022-12-31 14:44:36','2022-12-31 14:44:36'),
	 (NULL,NULL,2,2,'2022-12-31 14:44:36','2022-12-31 14:44:36'),
	 (NULL,NULL,3,2,'2022-12-31 14:44:36','2022-12-31 14:44:36');


INSERT INTO period_of_goodness (good_from,good_to,child_id,created_at,updated_at) VALUES
	 (2001,2020,2,'2023-01-01 11:07:43','2023-01-01 11:07:43'),
	 (1970,NULL,3,'2023-01-01 11:09:36','2023-01-01 11:09:36'),
	 (2021,NULL,2,'2023-01-01 11:09:52','2023-01-01 11:09:52'),
	 (1990,1991,4,'2023-01-01 11:22:18','2023-01-01 11:22:18');


INSERT INTO material_category (name,warehouse_id,supplier_id) VALUES
	 ('Ferramenta','M01',1),
	 ('Elettronica','M02',2),
	 ('Legname','M03',2);
  
INSERT INTO workshop (id,street_address,capacity,open_at,close_at,created_at,updated_at) VALUES
	 ('W1','123 Main Street',50,'09:00:00','17:00:00','2022-12-31 14:56:52','2022-12-31 14:56:52'),
	 ('W2','456 Elm Street',75,'08:00:00','16:00:00','2022-12-31 14:58:23','2022-12-31 14:58:23'),
	 ('W3','789 Oak Avenue',100,'09:00:00','17:00:00','2022-12-31 14:58:29','2022-12-31 14:58:29'),
	 ('W4','321 Maple Boulevard',50,'08:00:00','16:00:00','2022-12-31 14:58:32','2022-12-31 14:58:32'),
	 ('W5','654 Pine Street',25,'09:00:00','17:00:00','2022-12-31 14:58:46','2022-12-31 14:58:46');



INSERT INTO elf (name,surname,wage,working_from,working_to,birth_date,workshop_id,created_at,updated_at) VALUES
	 ('Elfo','Doe',15.0,'2022-01-01',NULL,'2000-01-01','W1','2022-12-31 14:57:05','2022-12-31 14:57:05'),
	 ('Elfa','Doe',12.0,'2022-01-01',NULL,'1998-01-01','W2','2022-12-31 14:59:57','2022-12-31 14:59:57'),
	 ('Elfo','Smith',15.0,'2022-01-01',NULL,'1996-01-01','W3','2022-12-31 14:59:57','2022-12-31 14:59:57'),
	 ('Elfa','Johnson',14.0,'2022-01-01',NULL,'1999-01-01','W4','2022-12-31 14:59:57','2022-12-31 14:59:57'),
	 ('Elfo','Williams',13.0,'2022-01-01',NULL,'1997-01-01','W5','2022-12-31 14:59:57','2022-12-31 14:59:57');

INSERT INTO gift (construction_state,delivery_id,elf_id,created_at,updated_at,name) VALUES
	 ('painting',7,1,'2022-12-31 15:08:21','2022-12-31 15:08:21','Toy train'),
	 ('finished',7,2,'2022-12-31 15:08:25','2022-12-31 15:08:25','Dollhouse'),
	 ('painting',8,3,'2022-12-31 15:08:56','2022-12-31 15:08:56','Puzzle'),
	 ('crafting',8,4,'2022-12-31 15:08:56','2022-12-31 15:08:56','Action figure'),
	 ('sculpting',9,5,'2022-12-31 15:08:56','2022-12-31 15:08:56','Board game');


INSERT INTO material (name,stock,category_id,created_at,updated_at,unit_cost) VALUES
	 ('Wood',10,4,'2022-12-31 15:25:26','2022-12-31 15:25:26',10),
	 ('Glue',15,3,'2022-12-31 15:25:26','2022-12-31 15:25:26',20),
	 ('Iron',20,2,'2022-12-31 15:25:26','2022-12-31 15:25:26',30),
	 ('Rubber',25,3,'2022-12-31 15:25:26','2022-12-31 15:25:26',40),
	 ('Glass',30,3,'2022-12-31 15:25:26','2022-12-31 15:25:26',50);

INSERT INTO warehouse (id,name,streetAddress,open_at,close_at,capacity,created_at,updated_at) VALUES
	 ('M01','Central Warehouse','123 Main Street','08:00:00','17:00:00',500,'2022-12-31 11:19:42','2022-12-31 11:19:42'),
	 ('M02','North Warehouse','456 North Street','09:00:00','18:00:00',250,'2022-12-31 11:19:42','2022-12-31 11:19:42'),
	 ('M03','East Warehouse','789 East Street','08:30:00','17:30:00',300,'2022-12-31 11:37:16','2022-12-31 11:37:16'),
	 ('M04','South Warehouse','246 South Street','09:00:00','18:00:00',200,'2022-12-31 11:37:20','2022-12-31 11:37:20'),
	 ('M05','West Warehouse','369 West Street','08:30:00','17:30:00',400,'2022-12-31 11:19:42','2022-12-31 11:19:42'),
	 ('M06','Northeast Warehouse','159 Northeast Street','09:00:00','18:00:00',350,'2022-12-31 11:19:42','2022-12-31 11:19:42');


INSERT INTO gift_material (material_quantity,unit_of_measurement,gift_id,material_id) VALUES
	 (10,'kg',2,11),
	 (15,'m',2,12),
	 (20,'kg',3,13),
	 (25,'m2',4,14),
	 (30,'mm',5,15),
	 (35,'F',6,12),
	 (40,'L',6,13);
